model,pr_auc,roc_auc,brier
lgbm,0.058265236357456326,0.6125939735701451,0.03500952608263319
xgb,0.05511453274977283,0.598151735126476,0.2218781303387248
