model,roc_auc,pr_auc,brier
LGBM,0.6125939735701451,0.058265236357456326,0.03500952608263319
XGB,0.5959440805433677,0.055633267746256154,0.20098205581024006
